Width,Height,label
0.04697986577181208,0.25333333333333335,car
0.5369127516778524,0.008888888888888889,fish
0.6510067114093959,0.08,house
0.2684563758389262,0,tree
0.7449664429530202,1,bike
1,0.2222222222222222,guitar
0.912751677852349,0.28,pencil
0,0.18222222222222223,clock
